Tier,Route,RouteName,Company,WhatTheyDo,Street,Town,State,ZIP,Phone,ITContact,OwnerExec,DoorOpener,EmpEst,RevenueUSD,Founded,ParentOwnership,Website,Notes,ZoomInfoID
A,R1,"Rockland: Exit 14 corridor (Hingham St, Ledgewood Pl, Reservoir Park)",Cutter Associates,Investment management research and consulting,"1050 Hingham St, Fl 1",Rockland,MA,02370,(339) 469-0600,,Cindy Castellano (Chief Executive Officer),Financial services firm handling asset manager data. Lead with security posture and M365 hardening.,97,26372000,1998,Nomura Research Institute,cutterassociates.com,Owned by Nomura Research Institute since 2022. Local office still runs day to day here. Hybrid workforce.,19993081
A,R1,"Rockland: Exit 14 corridor (Hingham St, Ledgewood Pl, Reservoir Park)",FINTRX,Family office and RIA data platform (SaaS),"40 Reservoir Park Dr, Ste A",Rockland,MA,02370,(617) 517-0789,Bruno Bonifacini (Software Developer & Security Integrations Specialist),Dennis Caulfield (Chief Product & Data Officer),Growing fintech with SOC 2 expectations from clients. Lead with co-managed security and compliance.,85,17855000,2014,,fintrx.com,Has developers but likely thin IT ops. Good co-managed fit. Fast growth company.,461888001
B,R1,"Rockland: Exit 14 corridor (Hingham St, Ledgewood Pl, Reservoir Park)",The Catered Affair,"High end catering and events company, HQ",70 Ledgewood Pl,Rockland,MA,02370,(781) 982-9333,"Gare Reid (Manager, Systems Integration)",Holly Safford (Founder & President),Seasonal staff surges and POS plus office systems. Lead with device turnaround and help desk overflow.,320,58320000,1980,,thecateredaffair.com,Runs venues across Boston area from this HQ. Employee count includes event staff.,7012563
B,R1,"Rockland: Exit 14 corridor (Hingham St, Ledgewood Pl, Reservoir Park)",ControlPoint Technologies,Electrical engineering and utility consulting,"200 Ledgewood Pl, Ste 300",Rockland,MA,02370,(781) 261-9666,"Adam Houghton (Director, System Planning)",Jeffrey Flint (President),"Engineers with CAD workstations and utility client data. Lead with backup, DR and project file uptime.",74,9809000,1999,,cpteng.com,"Same building as Food Tech. Two stops, one parking lot.",9470939
B,R1,"Rockland: Exit 14 corridor (Hingham St, Ledgewood Pl, Reservoir Park)",Burke & Associates CPAs,CPA and advisory firm,"300 Ledgewood Pl, Ste 300",Rockland,MA,02370,(781) 741-8887,,,CPA firms must have a written security plan under FTC Safeguards. Ask who maintains their WISP.,27,5377000,1997,,burkeandassoc.com,Tax season uptime is everything. Best visited May through November.,44551959
C,R1,"Rockland: Exit 14 corridor (Hingham St, Ledgewood Pl, Reservoir Park)",EMD Serono,Biopharma R&D campus (Merck KGaA),1 Technology Pl,Rockland,MA,02370,(800) 283-8088,"Richard Feldman (Vice President, Trade Product Security & Done)",,Enterprise IT runs from global. Networking value only. Do not cold walk in past security.,2105,758493000,1981,Merck KGaA,emdserono.com,Long shot. Better reached through events or referrals than a lobby visit.,92047565
C,R1,"Rockland: Exit 14 corridor (Hingham St, Ledgewood Pl, Reservoir Park)",Food Tech,Design build firm for food processing facilities,"200 Ledgewood Pl, Ste 200",Rockland,MA,02370,(781) 261-9700,"Leanda Karunia (Manager, Process & System Cum PA)",Jonathan Kohan (President),Project teams in the field need reliable laptops and file access. Lead with device management.,40,3149000,2008,EMCOR Group,foodtech.com,"EMCOR subsidiary, so corporate IT may exist. Local office worth a walk in while next door.",27002672
A,R2,Rockland: Weymouth St / VFW Dr industrial + Union St center,Rockland Federal Credit Union,"Credit union, main office",241 Union St,Rockland,MA,02370,(781) 878-0232,Mark Federico (Chief Information Officer),Kristin VanBeek (Chief Executive Officer & President),"NCUA exams and vendor management pressure. Lead with vCISO, compliance alignment and MDR.",297,73741000,1922,,rfcu.com,"Has internal IT led by a senior VP. Co-managed and security services angle, not full outsource.",59785848
A,R2,Rockland: Weymouth St / VFW Dr industrial + Union St center,UPPAbaby,"Premium stroller and car seat brand, global HQ",276 Weymouth St,Rockland,MA,02370,(781) 413-3000,"Darrell Van Meter (Director, Information Technology)",Bob Monahan (Chief Executive Officer & Co-Founder),"Consumer brand with e-commerce, EDI and product data to protect. Lead with security and uptime.",136,21613000,2006,,uppababy.com,Flagship local HQ. CPSC regulated products mean documentation and systems matter.,353910475
A,R2,Rockland: Weymouth St / VFW Dr industrial + Union St center,Polymer Corporation,Custom plastics and thermoforming manufacturer,180 Pleasant St,Rockland,MA,02370,(781) 871-4606,Ashwani Sharma (System Engineer),Jim Ryan (President),"100 person manufacturer, likely 0 to 2 IT staff. Lead with co-managed support and plant uptime.",103,26997000,1979,,polymercorporation.com,Classic ICP manufacturer. Strong first stop.,343688307
A,R2,Rockland: Weymouth St / VFW Dr industrial + Union St center,Briggs Engineering,"Civil and structural engineering, survey","100 Weymouth St, Ste C2",Rockland,MA,02370,(781) 871-6040,,Sean Skorohod (Testing Services President & Director),"CAD and survey data with municipal clients. Lead with backup, DR and file server performance.",80,30145000,1958,,briggsengineering.com,"Same complex as Bendon Gear. Two stops, one lot.",17159799
A,R2,Rockland: Weymouth St / VFW Dr industrial + Union St center,National Coating,Coated fabrics and technical textiles manufacturer,105 Industrial Way,Rockland,MA,02370,(800) 979-9332,,,Production scheduling and quality systems on aging infrastructure is common here. Ask about uptime.,48,13780000,1977,,natcoat.com,,353777346
B,R2,Rockland: Weymouth St / VFW Dr industrial + Union St center,K5 Corporation,Utility and civil construction contractor,"9 Rockview Way, Ste B",Rockland,MA,02370,(781) 982-9229,,Ronald Beaudoin (Chief Executive Officer),Contractors are prime wire fraud targets. Lead with email security and payment fraud protection.,104,24829000,1982,,k5corporation.com,Next door to Commonwealth Building Systems.,344267938
B,R2,Rockland: Weymouth St / VFW Dr industrial + Union St center,George T. Wilkinson,Commercial HVAC service and mechanical contractor,"405 VFW Dr, Ste 1",Rockland,MA,02370,(781) 335-2622,,Geoffrey Wilkinson (Chief Executive Officer),"Dispatch, service software and field devices. Lead with help desk and device management.",68,15840000,1951,,gtwilkinson.com,,48400778
B,R2,Rockland: Weymouth St / VFW Dr industrial + Union St center,Commonwealth Building Systems,Drywall and framing subcontractor,17 Rockview Way,Rockland,MA,02370,(781) 792-0032,,,Estimating and project files plus field crews. Lead with backup and email fraud protection.,60,13390000,2004,,commonwealthbuildingsystems.com,Next door to K5. Pair the stops.,352266165
B,R2,Rockland: Weymouth St / VFW Dr industrial + Union St center,Bendon Gear & Machine,Precision gear and machine shop (defense work),"100 Weymouth St, Ste A1",Rockland,MA,02370,(781) 878-8100,,S. Belezos (Founder and Chief Executive Officer),Defense suppliers face CMMC requirements. Ask how they are handling CMMC and NIST 800-171.,25,6443000,1966,,bendongear.com,ITAR and CMMC pressure is a strong door opener for machine shops.,7965364
B,R2,Rockland: Weymouth St / VFW Dr industrial + Union St center,Alletess Medical Laboratory,Clinical allergy and immunology lab,14 Howard St,Rockland,MA,02370,(800) 225-5404,John Connelly (IT Specialist),Mark McDonough (Chief Executive Officer),CLIA lab with PHI. Lead with HIPAA risk assessment and lab system uptime.,25,7713000,1980,,foodallergy.com,,4066062
C,R2,Rockland: Weymouth St / VFW Dr industrial + Union St center,Rockland Trust (Independent Bank Corp),"Commercial bank, corporate offices",288 Union St,Rockland,MA,02370,(508) 732-7072,Dave Marsh (Interim Chief Information Officer),,Enterprise bank with a full IT department. Networking and events only.,2294,948692000,1907,Independent Bank Corp,rocklandtrust.com,Long shot. Do not cold walk in. Useful for community sponsorship visibility.,59785811
C,R2,Rockland: Weymouth St / VFW Dr industrial + Union St center,"United A/C, Heating & Refrigeration",Commercial HVAC and refrigeration contractor,333 Weymouth St,Rockland,MA,02370,(781) 871-1060,,Thomas Scolaro (President),Field techs on mobile devices and dispatch software. Lead with help desk and device management.,91,2576000,1985,,united-hvac.com,Employee count may include field crews.,353591703
C,R2,Rockland: Weymouth St / VFW Dr industrial + Union St center,Green Environmental,Environmental testing and consulting,"296 Weymouth St, Ste C",Rockland,MA,02370,(617) 479-0550,,Donnie Green (President),Lab data and client reports need retention and backup. Lead with data protection.,30,5078000,1986,,greenenvironmental.com,,29426949
C,R2,Rockland: Weymouth St / VFW Dr industrial + Union St center,OneScience,Scientific staffing and lab services,"222 Weymouth St, Ste 2",Rockland,MA,02370,(508) 930-1270,,,Placement records and client portals. Lead with M365 security and help desk.,30,6242000,1999,,onescience.com,,50397914
C,R2,Rockland: Weymouth St / VFW Dr industrial + Union St center,MIJA,Pressure gauge and sensor manufacturer,"11 Commerce Rd, Ste C",Rockland,MA,02370,(781) 871-5750,,James Sommerio (President),Manufacturer with fire safety OEM customers. Lead with production uptime and email security.,29,5180000,1972,Valcom / Keltron,mija.com,Acquired by Keltron. Confirm who owns IT decisions locally.,51856559
C,R2,Rockland: Weymouth St / VFW Dr industrial + Union St center,RuggedMade,"Log splitters and outdoor power equipment, e-commerce",7 Market St,Rockland,MA,02370,(855) 878-4433,,Jared Malarsky (President),E-commerce ops and warehouse systems. Lead with uptime and endpoint security.,24,6200000,2007,,ruggedmade.com,,363680524
A,N1,Norwell: Accord Park & Longwater Dr (Assinippi),Avedis Zildjian Company,"Cymbal and drumstick maker, global HQ and factory",22 Longwater Dr,Norwell,MA,02061,(781) 871-2200,"James Clifford (Senior Director, Information Technology)","Thomas Young (Senior Vice President, Chief Financial Officer and Treasurer)",400 year old brand with modern e-commerce and a factory floor. Lead with plant uptime and security.,286,32828000,1929,,zildjian.com,"Vic Firth is part of Zildjian, same campus. Iconic account for local proof.",8996860
A,N1,Norwell: Accord Park & Longwater Dr (Assinippi),Radius Financial Group,"Mortgage lender, HQ","600 Longwater Dr, Ste 107",Norwell,MA,02061,(877) 223-4800,Jake Gent (IT Support Specialist),David O'Connor (Chief Technology Officer),"GLBA safeguards and loan file security. Lead with compliance, MDR and endpoint management.",281,11835000,1999,,radiusgrp.com,"Same building as Miniter Group, different suite. Pair the stops.",371618282
A,N1,Norwell: Accord Park & Longwater Dr (Assinippi),NVNA and Hospice (Norwell VNA),"Visiting nurse association and hospice, nonprofit","120 Longwater Dr, Ste 104",Norwell,MA,02061,(781) 659-2342,Samuel Lutz (It Help Desk Technician),Bj Snow (Chief Human Resources Officer),"Clinicians in the field on mobile devices with PHI. Lead with HIPAA, device management and help desk.",262,22797000,1920,,nvna.org,Nonprofit budget cycle. EHR uptime and clinician onboarding speed are real pains.,82658395
A,N1,Norwell: Accord Park & Longwater Dr (Assinippi),DIH Holding US (Hocoma),"Rehab robotics and medtech, US HQ","77 Accord Park Dr, Ste D1",Norwell,MA,02061,(617) 871-2101,"Haile Mitiku (Manager, Information Technology)",Jason Chen (Chief Executive Officer & Chairman),Public medtech company with FDA documentation needs. Lead with compliance ready IT and security.,200,69573000,2021,,dih.com,NASDAQ listed. Hocoma brand runs from same office.,481121880
A,N1,Norwell: Accord Park & Longwater Dr (Assinippi),Miniter Group,Lender placed insurance and insurtech,"600 Longwater Dr, Ste 301",Norwell,MA,02061,(800) 646-4837,Wayne Brantley (Chief Information Officer),Julianne Gilpin (President & Chief Executive Officer),Insurance data plus bank clients means audits. Lead with SOC 2 support and security posture.,120,71702000,1970,,miniter.com,Same building as Radius. Two ICP financial accounts in one stop.,25117527
A,N1,Norwell: Accord Park & Longwater Dr (Assinippi),Snow & Jones,"Plumbing and HVAC wholesale distributor, HQ",85 Accord Park Dr,Norwell,MA,02061,(781) 878-3312,,Danielle Jones (President),"Multi branch distributor on one ERP. Lead with branch connectivity, uptime and ransomware defense.",90,14844000,1952,,snowandjones.com,7 locations run from here.,93767622
A,N1,Norwell: Accord Park & Longwater Dr (Assinippi),Airxchange,Energy recovery ventilation components manufacturer,85 Longwater Dr,Rockland,MA,02370,(781) 871-4816,,Randall Steele (President & Chief Executive Officer),OEM manufacturer with lean office staff. Lead with co-managed IT and production uptime.,70,21533000,1981,,airxchange.com,Rockland address but sits in the Accord Park corridor. Route with Norwell stops.,2935868
B,N1,Norwell: Accord Park & Longwater Dr (Assinippi),Alternatives ABA,ABA therapy provider,76 Accord Park Dr,Norwell,MA,02061,(781) 923-0900,,,"Therapists documenting sessions on tablets. Lead with HIPAA, MDM and fast clinician onboarding.",199,16725000,2015,,alternativesaba.com,ABA groups grow fast and outgrow their IT.,397516336
B,N1,Norwell: Accord Park & Longwater Dr (Assinippi),North River Home Care,Private home care agency,275 Longwater Dr,Norwell,MA,02061,(781) 352-0939,,Heather Kenney (Owner),Caregiver scheduling and PHI on personal devices. Lead with HIPAA and mobile device management.,146,16932000,1975,,northriverhc.com,,347309462
B,N1,Norwell: Accord Park & Longwater Dr (Assinippi),Radio Solutions,Two way radio and wireless communications dealer,55 Accord Park Dr,Norwell,MA,02061,(781) 561-3000,Matthew Dalton (Lead System Engineer),"Admir Surkovic (President, Chief Executive Officer)","Tech adjacent but not an MSP. Lead with M365, security and back office systems.",58,12007000,1998,,radiosolutionsinc.com,Possible referral partner too. They see every public safety and facilities buyer locally.,354245370
B,N1,Norwell: Accord Park & Longwater Dr (Assinippi),TryAngle Foods,Food distribution and provisions,"17 Accord Park Dr, Ste 202",Norwell,MA,02061,(781) 871-6969,,Doug Vonlderstein (Founder),"Orders, routing and invoicing systems. Lead with uptime and email fraud protection.",49,9752000,1977,,tryanglefoods.com,,126845033
B,N1,Norwell: Accord Park & Longwater Dr (Assinippi),"Blue Bear Plumbing, Heating & Air","Residential home services, fast growing",300 Longwater Dr,Norwell,MA,02061,(781) 531-8227,,Christopher Murphy (Owner),"Fast growth home services firm. Lead with scaling help desk, dispatch uptime and onboarding techs.",34,1166000,2017,,bluebearplumbing.com,PE style growth playbook. Headcount likely higher than listed.,451726485
B,N1,Norwell: Accord Park & Longwater Dr (Assinippi),The Driscoll Agency,Specialty insurance agency,"141 Longwater Dr, Ste 203",Norwell,MA,02061,(781) 681-6656,,Sean Driscoll (Owner),Client PII and carrier portals. Lead with email security and compliance basics.,23,7217000,1960,,driscollagency.com,,41815502
C,N1,Norwell: Accord Park & Longwater Dr (Assinippi),Safety-Kleen (Clean Harbors),"Environmental services, corporate offices",42 Longwater Dr,Norwell,MA,02061,(800) 323-5040,"Caroline Johal (Group Manager, Information Technology Enterprise Solution)",,Clean Harbors corporate campus. Enterprise IT. Networking only.,4300,1514886000,1963,Clean Harbors,safety-kleen.com,Long shot. Skip on drop-off routes unless door is open.,92389930
C,N1,Norwell: Accord Park & Longwater Dr (Assinippi),Sullivan Tire,"Tire and auto service chain, corporate HQ",41 Accord Park Dr,Norwell,MA,02061,(781) 982-1550,"Joshua Sweeney (Supervisor, Application & Systems Development)",,Large internal IT exists. Pitch co-managed burst capacity or specific projects only.,1817,242210000,1955,,sullivantire.com,"Family owned, HQ here. Worth relationship building even if no quick win.",112869812
C,N1,Norwell: Accord Park & Longwater Dr (Assinippi),Signet Electronic Systems,Low voltage systems integrator,90 Longwater Dr,Norwell,MA,02061,(781) 871-5888,William Ainslie (Healthcare Systems Engineer),Brad Caron (President),"Integrator, now Pavion owned. Treat as partner or referral source more than prospect.",160,59128000,1974,Pavion,signetgroup.net,"They install AV, security and nurse call. Complementary, not competing. Coffee meeting target.",207552767
A,N2,"Norwell: Rt 53 & Queen Anne's Corner (Washington St, Pond St)",South Shore Skin Center,Dermatology practice and med spa,"75 Washington St, Ste 1",Norwell,MA,02061,(781) 878-6495,,,"EHR uptime and HIPAA. Lead with a HIPAA security risk assessment, which insurers now expect.",86,3100000,1984,,southshoreskincenter.com,"Multi provider practice. Visit mid afternoon, never during morning patient rush.",227410374
B,N2,"Norwell: Rt 53 & Queen Anne's Corner (Washington St, Pond St)",Jack Conway & Co.,"Real estate brokerage, HQ",137 Washington St,Norwell,MA,02061,(888) 735-3574,,Al Becker (Real Estate President & Chief Operating Officer & Agent),22 offices and hundreds of agents on shared systems. Lead with help desk and branch support.,700,374260000,1956,,jackconway.com,Employee figure includes agents. Corporate staff here is much smaller.,17287496
B,N2,"Norwell: Rt 53 & Queen Anne's Corner (Washington St, Pond St)",Southwood at Norwell Nursing Center,Skilled nursing facility,501 Cordwainer Dr,Norwell,MA,02061,(781) 982-7450,,,"EHR, nurse call and HIPAA on a 24x7 clock. Lead with reliable support and security.",124,23544000,1993,,southwoodatnorwell.com,"Visit administrator midweek, mid morning.",98615871
B,N2,"Norwell: Rt 53 & Queen Anne's Corner (Washington St, Pond St)",Proven Behavior Solutions,ABA therapy centers,"80 Washington St, Ste Q57",Norwell,MA,02061,(781) 290-3886,,Kyle Bray (President & Chief Operating Officer),"Growing multi site ABA group. Lead with HIPAA, MDM and opening new sites fast.",79,2726000,2015,,provenaba.com,Queen Anne's Corner plaza. Three targets share the 80 Washington St complex.,397758004
B,N2,"Norwell: Rt 53 & Queen Anne's Corner (Washington St, Pond St)",South Shore Autism Center,ABA therapy centers,45 Pond St,Norwell,MA,02061,(781) 421-6182,,Erin McLoughlin (Chief Executive Officer),"Two growing clinic sites. Lead with HIPAA, Wi-Fi reliability and new hire device turnaround.",67,14297000,2016,,ssautismcenter.com,,403845227
B,N2,"Norwell: Rt 53 & Queen Anne's Corner (Washington St, Pond St)","LMHS, P.C.",CPA firm,"80 Washington St, Bldg S",Norwell,MA,02061,(781) 878-9111,"Randy Toscano (Director, System and Business Partner)",,FTC Safeguards requires CPA firms to maintain a written security plan. Ask who owns theirs.,35,5895000,1987,,lmhspc.com,Same plaza as Proven Behavior and Oral Surgery South.,348042852
B,N2,"Norwell: Rt 53 & Queen Anne's Corner (Washington St, Pond St)",Oral Surgery South,Oral and maxillofacial surgery practice,"80 Washington St, Ste N51",Norwell,MA,02061,(781) 871-1677,,Tony Rubeiz (Partner),Imaging systems and PHI across four sites. Lead with HIPAA and practice uptime.,23,4972000,1981,,oralsurgerysouth.com,4 locations. Same plaza as LMHS and Proven Behavior.,1122062802
C,N2,"Norwell: Rt 53 & Queen Anne's Corner (Washington St, Pond St)",Arbour Counseling Services,Behavioral health clinics,"384 Washington St, Ste 202",Norwell,MA,02061,(781) 871-6550,"Jose Torres (IT Specialist & IT Engineer & Senior Manager & Director, ...)",,UHS corporate IT covers them. Skip unless a local contact invites the conversation.,403,11440000,1994,Universal Health Services,arbourhealth.com,Branch of a national system.,2556714
C,N2,"Norwell: Rt 53 & Queen Anne's Corner (Washington St, Pond St)",Friendship Home,Nonprofit respite and disability services,458 Main St,Norwell,MA,02061,(781) 659-8202,,Wilma Goodhue (Co-Founder),Lean nonprofit. Lead with right sized support and donor data protection.,64,7935000,1999,,friendshiphome.net,,348228861
C,N2,"Norwell: Rt 53 & Queen Anne's Corner (Washington St, Pond St)",Dolomite Bio (Blacktrace US),"Single cell biology instruments, US office",156 Norwell Ave,Norwell,MA,02061,+44 1763 252149,,,Life sciences instruments office. Lead with lab IT support for US operations.,63,15013000,2016,Blacktrace Holdings (UK),dolomite-bio.com,Verify before visiting. US office is small and phone routes to UK.,395765368
C,N2,"Norwell: Rt 53 & Queen Anne's Corner (Washington St, Pond St)",AJAX Jets,Private jet charter,167 Washington St,Norwell,MA,02061,(617) 855-5378,,,High net worth client data and scheduling ops. Lead with security and white glove support.,32,6756000,,,ajaxjets.com,,541625269
A,H1,"Hanover: Rt 53 & Rt 139 (Washington St, Columbia Rd)",Cardinal Cushing Centers,Special education and disability services nonprofit,405 Washington St,Hanover,MA,02339,(781) 826-6371,"Evan Moniz (Manager, Network)",Gina Rosas (Chief Operating Officer),"Student records, HIPAA and FERPA with a lean budget. Lead with co-managed support and security.",410,24761000,1947,,cushingcenters.org,Large campus on Rt 53. Ask for the business office.,30739950
A,H1,"Hanover: Rt 53 & Rt 139 (Washington St, Columbia Rd)",Homestead Mortgage,Mortgage lender,"427 Columbia Rd, Ste 114",Hanover,MA,02339,(781) 924-5482,,Kimmie Miller (Owner),GLBA safeguards and loan officer laptops everywhere. Lead with compliance and device management.,82,5328000,2008,,myhomesteadmortgage.com,Same building as Merrill Associates.,344599909
B,H1,"Hanover: Rt 53 & Rt 139 (Washington St, Columbia Rd)",First Resource Management,Affordable housing property management,2001 Washington St,Hanover,MA,02339,(781) 659-0025,,Gordon Pulsifer (President),"HUD compliance paperwork and resident data across sites. Lead with secure, supported systems.",55,14197000,1985,,firstresourcecompanies.com,Across the street from Jannell Ford.,359188055
B,H1,"Hanover: Rt 53 & Rt 139 (Washington St, Columbia Rd)",Wozny/Barbar & Associates,MEP engineering firm,1076 Washington St,Hanover,MA,02339,(781) 826-4144,,Zbigniew Wozny (President),"Revit and CAD workstations. Lead with performance, backup and project deadlines.",34,6880000,1988,,wbaengineers.com,,353985624
B,H1,"Hanover: Rt 53 & Rt 139 (Washington St, Columbia Rd)",Merrill Associates,Civil engineering and land surveying,427 Columbia Rd,Hanover,MA,02339,(781) 826-9200,,Robert Merrill (President),Survey data and CAD files. Lead with backup and file access speed.,27,1517000,,,merrillinc.com,Same building as Homestead Mortgage. Pair the stops.,343333439
C,H1,"Hanover: Rt 53 & Rt 139 (Washington St, Columbia Rd)",McGee Toyota of Hanover,"Toyota dealership, McGee Automotive Family flagship",860 Washington St,Hanover,MA,02339,(781) 829-0343,,,FTC Safeguards Rule applies to dealers. Ask who runs their safeguards program.,701,19784000,1974,McGee Automotive Family,mcgeetoyota.com,Group wide employee count. Group may centralize IT. GM can still open the door.,56511689
C,H1,"Hanover: Rt 53 & Rt 139 (Washington St, Columbia Rd)",Planet Subaru,Independent Subaru dealership,596 Washington St,Hanover,MA,02339,(781) 826-4444,,"Marcel Choiniere (General Manager, Fixed Operations)",Independent dealer subject to FTC Safeguards. Lead with a safeguards gap review.,71,18870000,1998,,planetsubaru.com,"Independently owned, decision maker on site. Best dealer target on the list.",76400508
C,H1,"Hanover: Rt 53 & Rt 139 (Washington St, Columbia Rd)",Jannell Ford,Independent Ford dealership,2000 Washington St,Hanover,MA,02339,(781) 982-4500,,Joseph Clapp (Owner),Family owned dealer. FTC Safeguards and DMS uptime are the openers.,21,13683000,1921,,jannellford.com,Employee count understated. Real headcount likely 80 plus.,1128547688
A,H2,"West Hanover industrial (Winter St, Circuit St, King St)",P.A. Landers,"Site development and paving contractor, HQ",351 Winter St,Hanover,MA,02339,(781) 826-8818,"Anthony Emma (Director, Information Technology)",Joseph Durant (Chief Operating Officer),"Big contractor, prime wire fraud target. Lead with email security and estimating uptime.",280,66695000,1978,,palanders.com,One of the biggest private employers based in Hanover.,80937600
A,H2,"West Hanover industrial (Winter St, Circuit St, King St)",Buckley Associates,"HVAC equipment distributor and rep, HQ",385 King St,Hanover,MA,02339,(781) 878-5000,"Devin Melo (Manager, Information Technology)",Robert Buckley (Founder),"12 locations and near 100M revenue on one ERP. Lead with uptime, security and branch support.",135,99989000,1970,,buckleyonline.com,Biggest revenue target in Hanover on this list.,16239075
A,H2,"West Hanover industrial (Winter St, Circuit St, King St)",SRC Medical,Medical device components manufacturer,263 Winter St,Hanover,MA,02339,(781) 826-9100,Lisa Raasch (Chief Information Officer),Roy Tinkham (President),FDA documentation and quality systems. Lead with compliance ready IT and uptime.,102,18379000,1972,,srcmedical.com,Medical manufacturing is a priority vertical.,193593434
A,H2,"West Hanover industrial (Winter St, Circuit St, King St)",Hapco,Epoxy and urethane polymer manufacturer,353 Circuit St,Hanover,MA,02339,(781) 826-8801,Daniel McClelland (System Administrator),Fred DeSimone (General Manager),Formulations IP and production systems. Lead with security and backup.,76,18177000,1969,,hapcoincorporated.com,Phone corrected from web. ZoomInfo listed an out of state number.,50678002
A,H2,"West Hanover industrial (Winter St, Circuit St, King St)",Gem Gravure,"Wire marking inks and printing systems, HQ",112 School St,Hanover,MA,02339,(781) 878-0456,Matt Phung (IT Administrator),Joseph Gemelli (Founder),Third generation manufacturer with global customers. Lead with security and production uptime.,73,18507000,1952,,gemgravure.com,"West Hanover village, near Circuit St loop.",352771180
A,H2,"West Hanover industrial (Winter St, Circuit St, King St)",Cri-Tech (Daikin),Specialty rubber compounds manufacturer,85 Winter St,Hanover,MA,02339,(781) 826-5600,"Richard Park (Manager, Business Systems)",,Daikin owned but locally run plant. Lead with co-managed support for site systems.,54,6341000,1977,Daikin Industries,critechinc.com,Corporate IT may exist at Daikin America. Local plant manager still feels the pain.,32690370
B,H2,"West Hanover industrial (Winter St, Circuit St, King St)",A. Murphy Inc,Site work and utility contractor,35 Hanover St,Hanover,MA,02339,(781) 826-0222,,Michael Murphy (Owner and Operator),Field crews and office estimating. Lead with email fraud protection and file backup.,127,12799000,1980,,amurphy.com,,6295262
B,H2,"West Hanover industrial (Winter St, Circuit St, King St)",Eyesaver International,Safety eyewear manufacturer,"348 Circuit St, Ste 2",Hanover,MA,02339,(781) 829-0808,,Stephen George (President),Product and order systems. Lead with M365 and endpoint management.,42,8590000,1990,,eyesaverinternational.com,Same building as Sturtevant. Pair the stops.,43125676
B,H2,"West Hanover industrial (Winter St, Circuit St, King St)",Sturtevant,Micronizing and powder processing equipment,"348 Circuit St, Ste 1",Hanover,MA,02339,(781) 829-6501,,Sturt English (President & Chief Executive Officer),140 year old machine builder. Lead with modernizing office IT without disrupting the shop.,36,4909000,1883,,sturtevantinc.com,Same building as Eyesaver International.,92094650
B,H2,"West Hanover industrial (Winter St, Circuit St, King St)",Lubrite Technologies,Self lubricating bearings manufacturer,"145 Webster St, Ste J",Hanover,MA,02339,(781) 871-1420,,,Engineering drawings and customer specs. Lead with backup and secure file sharing.,28,9315000,2011,,lubritetechnologies.com,,122486882
C,H2,"West Hanover industrial (Winter St, Circuit St, King St)",South Shore YMCA (Emilson Branch / Admin),Nonprofit YMCA association,75 Mill St,Hanover,MA,02339,(781) 829-8585,,,Multi branch nonprofit with member data and childcare compliance. Lead with co-managed support.,1262,36226000,,,ssymca.org,Employee count spans all branches and seasonal camp staff.,35750136
C,H2,"West Hanover industrial (Winter St, Circuit St, King St)",Hingham Moving Services,Moving and storage company,285 Circuit St,Hanover,MA,02339,(617) 319-7027,,,"Scheduling, dispatch and customer data. Lead with simple reliable IT and phones.",72,3145000,1982,,hinghammoving.com,,405942027
C,H2,"West Hanover industrial (Winter St, Circuit St, King St)",Burgopak USA,"Packaging design firm, US office","24 Rockland St, Ste 5",Hanover,MA,02339,+44 20 7089 1950,,,Small US office of a UK firm. Lead with being their local IT presence.,30,8271000,,Burgopak (UK),burgopak.com,Verify before visiting. Phone routes to UK.,11619277
A,P1,"Pembroke: Corporate Park, Riverside Dr, Schoosett St",Royal Health Group,"Family owned nursing home group, HQ",42 Winter St,Pembroke,MA,02359,(781) 826-2393,"Jimmy Noel (Manager, Information Technology)",Pamela Jones (Chief Financial Officer),"12 facilities of EHR, nurse call and HIPAA. Lead with multi site support and security.",755,34941000,1998,,royalhealthgroup.com,HQ decides for all facilities. Employee count spans the group.,44024049
A,P1,"Pembroke: Corporate Park, Riverside Dr, Schoosett St",FMC Ice Sports,"Ice rink management company, HQ","100 Schoosett St, Bldg 3",Pembroke,MA,02359,(888) 747-5283,,,"25 rinks on POS, scheduling and payment systems. Lead with multi site support and uptime.",226,54426000,1992,,fmcicesports.com,HQ office decides for all sites. Strong multi site play.,40865749
A,P1,"Pembroke: Corporate Park, Riverside Dr, Schoosett St",Thayer Scale,"Industrial weighing and feeding equipment, HQ",91 Schoosett St,Pembroke,MA,02359,(855) 784-2937,Chris Geer (Information Technology Consultant),Frank Hyer (Chairman & Chief Executive Officer),"Engineering IP and global customers. Lead with security, backup and shop floor uptime.",82,23837000,1949,,thayerscale.com,Classic ICP manufacturer.,38076611
A,P1,"Pembroke: Corporate Park, Riverside Dr, Schoosett St",Nelco Products,"Cable ties and wire management, distribution HQ",22 Riverside Dr,Pembroke,MA,02359,(800) 346-3526,"Patrick Wong (Director, Information Technology & Materials)",Miriam Nelson (Owner),"E-commerce and warehouse ops. Lead with uptime, EDI reliability and security.",81,37741000,1984,,nelcoproducts.com,,71779517
B,P1,"Pembroke: Corporate Park, Riverside Dr, Schoosett St",New England Village,Nonprofit for adults with disabilities,664 School St,Pembroke,MA,02359,(781) 293-5461,"Tim McKinney (Manager, Information Technology)",Christine Chagnon (President & Chief Executive Officer),Resident records and lean budgets. Lead with right sized managed IT and HIPAA.,166,5359000,1972,,newenglandvillage.org,,27394913
B,P1,"Pembroke: Corporate Park, Riverside Dr, Schoosett St",Preferred Mechanical Services,Mechanical contractor,223 Center St,Pembroke,MA,02359,(781) 293-1200,,Jennifer Meade (Founder),Field techs and service contracts. Lead with dependable help desk and dispatch uptime.,77,3960000,1992,,preferredmechanicalservices.com,,345994045
B,P1,"Pembroke: Corporate Park, Riverside Dr, Schoosett St",Your Electrical Solution,Electrical contractor,345 Washington St,Pembroke,MA,02359,(781) 331-3500,Peter Ockerbloom (Telecom Systems Technician),Bruce Sylvester (Owner),Growing contractor. Lead with email fraud protection and field device support.,76,23819000,1996,,yourelectricalsolutions.com,,450765740
B,P1,"Pembroke: Corporate Park, Riverside Dr, Schoosett St",Revenue Solutions (RSI),Government tax software company,"42 Winter St, Ste 36",Pembroke,MA,02359,(781) 826-1546,"Jonathan Epstein (Director, Information Technology)",Blake Ramsey (President),Software firm with government clients and audits. Lead with co-managed security and helpdesk.,61,4335000,1996,,rsidelivers.com,Same complex as Royal Health Group. Pair the stops.,122601758
B,P1,"Pembroke: Corporate Park, Riverside Dr, Schoosett St",Acella Construction,Commercial general contractor,38 Washington St,Pembroke,MA,02359,(781) 681-9240,,Saul Schrader (President),50M GC with project data everywhere. Lead with email fraud protection and Procore uptime.,42,52519000,2003,,acellaconstruction.com,Builds for healthcare and schools locally. Referral rich.,722847
B,P1,"Pembroke: Corporate Park, Riverside Dr, Schoosett St",Ritchie Navigation,Marine compass manufacturer since 1850,243 Oak St,Pembroke,MA,02359,(781) 826-5131,,Jonathan Sherman (President),Storied manufacturer. Lead with modern security wrapped around legacy systems.,41,8845000,1850,,ritchienavigation.com,America's oldest compass maker. Great conversation starter.,87149342
B,P1,"Pembroke: Corporate Park, Riverside Dr, Schoosett St",Protectowire FireSystems,"Linear heat detection manufacturer, HQ",60 Washington St,Pembroke,MA,02359,(781) 826-3878,Michael Hall (System Engineer),Gerald Holmes (Founder),Global OEM with engineering IP. Lead with security and dependable office IT.,31,18925000,1938,,protectowire.com,,64980067
B,P1,"Pembroke: Corporate Park, Riverside Dr, Schoosett St",FCI Ophthalmics,"Ophthalmic surgical devices, US office","30 Corporate Park Dr, Ste 310",Pembroke,MA,02359,(800) 932-4202,,,FDA regulated device distribution. Lead with compliance ready IT for a lean office.,22,3532000,1984,FCI (France),fci-ophthalmics.com,,14041218
C,P1,"Pembroke: Corporate Park, Riverside Dr, Schoosett St",Entegee / The Engineering Department,"Engineering staffing, national HQ (Adecco Group)",33 Riverside Dr,Pembroke,MA,02359,(877) 606-8765,,,Adecco corporate IT covers them. Networking value with branch leadership only.,346,239291000,1978,Adecco Group,entegee.com,The Engineering Department brand shares this building.,38800308
C,P1,"Pembroke: Corporate Park, Riverside Dr, Schoosett St",Horner Millwork,"Millwork and building products, Pembroke branch","55 Corporate Park Dr, Ste 1",Pembroke,MA,02359,(781) 826-7770,,,Branch of Somerset HQ company. Local relationship can open the corporate door.,165,16673000,2001,North Atlantic Corp,hornermillwork.com,IT likely decided at North Atlantic Corp.,31983788
C,P1,"Pembroke: Corporate Park, Riverside Dr, Schoosett St",Markings Inc,Pavement marking contractor,30 Riverside Dr,Pembroke,MA,02359,(781) 826-5171,,Monique Souza (Owner),Seasonal field crews and bids. Lead with simple managed IT and email security.,42,10558000,1967,,markingsinc.com,,354855362
C,P1,"Pembroke: Corporate Park, Riverside Dr, Schoosett St",Peak Mechanical Services,Commercial HVAC and plumbing contractor,"35 Corporate Park Dr, Ste 2",Pembroke,MA,02359,(781) 924-5982,,Mario DiMartino (President),Dispatch and service software. Lead with help desk for field techs.,38,16640000,2007,,peakmechanicalservices.com,,357482820
C,P1,"Pembroke: Corporate Park, Riverside Dr, Schoosett St",Charm Medical Supply,Home medical supplies (DME),"33 Riverside Dr, Ste 200",Pembroke,MA,02359,(781) 829-9813,,Wayne Saville (Chief Financial Officer),Medicaid billing and PHI. Lead with HIPAA and dependable order systems.,25,4422000,2000,,charmmedical.com,Same building as Entegee.,12354801
C,P1,"Pembroke: Corporate Park, Riverside Dr, Schoosett St",Cadete Enterprises,Multi unit Dunkin' franchisee office,12 Riverside Dr,Pembroke,MA,02359,(781) 829-1156,,Eric Eskander (Chief Executive Officer),Dozens of stores on POS and payroll systems. Lead with store uptime and PCI basics.,25,4932000,2000,,cadeteenterprises.com,Office staff small. Store count is the real footprint.,379382675
C,P1,"Pembroke: Corporate Park, Riverside Dr, Schoosett St",JLC Tech,Architectural LED lighting manufacturer,370 Corporate Park Dr,Pembroke,MA,02359,(781) 826-8162,,Mia Antonia (Principal Partner - Chief Financial Officer),Design files and order systems. Lead with backup and M365 security.,21,4064000,2010,,jlc-tech.com,,355384049
A,W1,"Whitman, Abington & Hanson",T&K Asphalt Services,"Commercial paving contractor, HQ",7 Industrial Way,Whitman,MA,02382,(781) 826-3138,,Peter Cleary (Chief Financial Officer),80M contractor and a top wire fraud target. Lead with email security and estimating uptime.,125,79566000,1987,,tkasphalt.com,One of the largest paving firms in New England.,184991889
A,W1,"Whitman, Abington & Hanson",Cape Cod Lumber,Independent lumber yard and building products,225 Groveland St,Abington,MA,02351,(781) 878-0715,,Thomas McManus (President),"POS, inventory and delivery ops on one system. Lead with uptime and ransomware defense.",98,27457000,1958,,capecodlumber.com,Family owned. Decision makers on site.,20517658
B,W1,"Whitman, Abington & Hanson",Southeastern ABA,ABA therapy provider,116 Helen Dr,Hanson,MA,02341,(781) 924-1408,,,"Fast growing therapy group. Lead with HIPAA, MDM and clinician onboarding speed.",153,30140000,2014,,southeasternaba.com,,481093210
B,W1,"Whitman, Abington & Hanson",Sullivan's Inc,Powersports accessories wholesale distributor,121 Franklin St,Hanson,MA,02341,(781) 293-9711,,Bobby Sullivan (Owner and Operator),National distribution on EDI and warehouse systems. Lead with uptime and security.,141,11685000,,,sullivansusa.com,Family owned since 1948 era roots. Verified via web.,371652590
B,W1,"Whitman, Abington & Hanson",Seoane Landscape Design,Commercial landscape design and construction,551 Bedford St,Abington,MA,02351,(781) 878-1306,,"Louis Seoane (President, Operations & Sales)","Crews, scheduling and billing. Lead with simple managed IT that keeps trucks rolling.",108,22537000,1972,,seoanelandscape.com,,55133071
B,W1,"Whitman, Abington & Hanson",Whitman Company,Metal finishing and plating,356 South Ave,Whitman,MA,02382,(781) 447-2422,,William Whitman (President),Plating lines and quality certs. Lead with production uptime and simple secure IT.,100,17480000,1894,,whitman-company.com,Address confirmed via web. ZoomInfo listing was incomplete.,128385304
B,W1,"Whitman, Abington & Hanson",Defense Investigators Group,Insurance defense investigations,PO Box 119 (call ahead),Hanson,MA,02341,(800) 233-0417,,Don Anderson (Owner),Sensitive case files and field investigators. Lead with security and secure remote access.,91,16655000,1990,,defenseinvestigatorsgroup.com,Street address not published. Call before attempting a visit.,1160266888
B,W1,"Whitman, Abington & Hanson",Walsh Mechanical Contractors,Mechanical contractor since 1918,380 North Ave,Abington,MA,02351,(781) 871-7496,,,Century old contractor. Lead with email fraud protection and dependable office IT.,70,25018000,1918,,walshmechanical.com,,74531004
B,W1,"Whitman, Abington & Hanson",Webster Printing,Commercial printing,1069 W Washington St,Hanson,MA,02341,(781) 447-5484,,Ernest Foster (President & Chief Executive Officer),Prepress files and tight deadlines. Lead with backup and workstation reliability.,50,6726000,1956,,websterprinting.com,,353908367
B,W1,"Whitman, Abington & Hanson",Whitman Tool & Die,Metal stamping and tooling,72 Raynor Ave,Whitman,MA,02382,(781) 447-0421,,Peter Werthen (Buyer & Owner),Job shop with CAD and CNC systems. Ask about CMMC if they touch defense work.,30,8569000,1951,,whitmantoolanddie.com,,36425109
B,W1,"Whitman, Abington & Hanson",President Titanium,Titanium bar and alloy stock distributor,243 Franklin St,Hanson,MA,02341,(781) 294-0000,,Shawn MacLeod (President),Aerospace customers mean traceability. Ask about CMMC and quality system uptime.,23,4509000,1973,,presidenttitanium.com,Near Sullivan's on Franklin St. Pair the stops.,85656175
C,W1,"Whitman, Abington & Hanson",Clean Systems of America,Commercial cleaning company,"162 Industrial Blvd, Ste 4",Hanson,MA,02341,(781) 447-5885,,Robert Melchionno (President),"Big field workforce, small office. Lead with simple managed IT and payroll system uptime.",249,13695000,1998,,clean-systems.com,Employee count is mostly field cleaning staff.,11289715
C,W1,"Whitman, Abington & Hanson",Angels Healthcare Companies,Home health services,536 Washington St,Abington,MA,02351,(781) 871-3773,,Mazen Eneyni (President),PHI on caregiver devices. Lead with HIPAA basics and affordable managed IT.,32,3364000,,,angelshealthcare.com,,346784932
B,X1,"Nearby, verify first",Bay State Physical Therapy,"Physical therapy group, 60+ clinics, HQ","703 Granite St, Ste 300",Braintree,MA,02184,(781) 878-5550,"Jon Dibiasio (Vice President, Information Technology)",Vladimir Shursky (Owner),"Dozens of clinics on shared EHR. Lead with multi site support, HIPAA and clinic openings.",549,32775000,1995,,baystatept.com,"HQ moved to Braintree. ZoomInfo still lists 360 Brockton Ave, Abington. 15 min from Rockland.",26038289
